{
  "A": {
    "precision": 0.6022727272727273,
    "recall": 0.53,
    "f1-score": 0.5638297872340425,
    "support": 200.0
  },
  "B": {
    "precision": 0.6176470588235294,
    "recall": 0.84,
    "f1-score": 0.711864406779661,
    "support": 200.0
  },
  "C": {
    "precision": 0.36977491961414793,
    "recall": 0.575,
    "f1-score": 0.4500978473581213,
    "support": 200.0
  },
  "D": {
    "precision": 0.8188976377952756,
    "recall": 0.52,
    "f1-score": 0.636085626911315,
    "support": 200.0
  },
  "E": {
    "precision": 0.8535031847133758,
    "recall": 0.67,
    "f1-score": 0.7507002801120448,
    "support": 200.0
  },
  "F": {
    "precision": 0.6954022988505747,
    "recall": 0.605,
    "f1-score": 0.6470588235294118,
    "support": 200.0
  },
  "G": {
    "precision": 0.552,
    "recall": 0.69,
    "f1-score": 0.6133333333333333,
    "support": 200.0
  },
  "H": {
    "precision": 0.6075268817204301,
    "recall": 0.565,
    "f1-score": 0.5854922279792746,
    "support": 200.0
  },
  "I": {
    "precision": 0.5677966101694916,
    "recall": 0.67,
    "f1-score": 0.6146788990825688,
    "support": 200.0
  },
  "J": {
    "precision": 0.5495867768595041,
    "recall": 0.665,
    "f1-score": 0.6018099547511312,
    "support": 200.0
  },
  "K": {
    "precision": 0.3949579831932773,
    "recall": 0.705,
    "f1-score": 0.5062836624775583,
    "support": 200.0
  },
  "L": {
    "precision": 0.35792349726775957,
    "recall": 0.655,
    "f1-score": 0.4628975265017668,
    "support": 200.0
  },
  "M": {
    "precision": 0.5566037735849056,
    "recall": 0.59,
    "f1-score": 0.5728155339805825,
    "support": 200.0
  },
  "N": {
    "precision": 0.6445497630331753,
    "recall": 0.68,
    "f1-score": 0.6618004866180048,
    "support": 200.0
  },
  "O": {
    "precision": 0.948905109489051,
    "recall": 0.65,
    "f1-score": 0.771513353115727,
    "support": 200.0
  },
  "P": {
    "precision": 0.6747967479674797,
    "recall": 0.83,
    "f1-score": 0.7443946188340808,
    "support": 200.0
  },
  "Q": {
    "precision": 0.8441558441558441,
    "recall": 0.65,
    "f1-score": 0.7344632768361582,
    "support": 200.0
  },
  "R": {
    "precision": 0.5166051660516605,
    "recall": 0.7,
    "f1-score": 0.5944798301486199,
    "support": 200.0
  },
  "S": {
    "precision": 0.9807692307692307,
    "recall": 0.51,
    "f1-score": 0.6710526315789473,
    "support": 200.0
  },
  "T": {
    "precision": 0.9532710280373832,
    "recall": 0.51,
    "f1-score": 0.6644951140065146,
    "support": 200.0
  },
  "U": {
    "precision": 0.9130434782608695,
    "recall": 0.525,
    "f1-score": 0.6666666666666666,
    "support": 200.0
  },
  "V": {
    "precision": 0.9574468085106383,
    "recall": 0.675,
    "f1-score": 0.7917888563049853,
    "support": 200.0
  },
  "W": {
    "precision": 0.8053097345132744,
    "recall": 0.91,
    "f1-score": 0.8544600938967136,
    "support": 200.0
  },
  "X": {
    "precision": 0.9272727272727272,
    "recall": 0.51,
    "f1-score": 0.6580645161290323,
    "support": 200.0
  },
  "Y": {
    "precision": 0.934010152284264,
    "recall": 0.92,
    "f1-score": 0.9269521410579346,
    "support": 200.0
  },
  "Z": {
    "precision": 0.6262626262626263,
    "recall": 0.62,
    "f1-score": 0.6231155778894473,
    "support": 200.0
  },
  "del": {
    "precision": 0.6989795918367347,
    "recall": 0.685,
    "f1-score": 0.6919191919191919,
    "support": 200.0
  },
  "nothing": {
    "precision": 0.45662100456621,
    "recall": 1.0,
    "f1-score": 0.6269592476489029,
    "support": 100.0
  },
  "space": {
    "precision": 1.0,
    "recall": 0.01,
    "f1-score": 0.019801980198019802,
    "support": 200.0
  },
  "accuracy": 0.6373684210526316,
  "macro avg": {
    "precision": 0.704341115961247,
    "recall": 0.6436206896551725,
    "f1-score": 0.6351336376855087,
    "support": 5700.0
  },
  "weighted avg": {
    "precision": 0.7086870828278267,
    "recall": 0.6373684210526316,
    "f1-score": 0.6352770480370282,
    "support": 5700.0
  }
}