{
  "accuracy": 0.6373684210526316,
  "macro_precision": 0.704341115961247,
  "macro_recall": 0.6436206896551725,
  "macro_f1": 0.6351336376855087,
  "weighted_precision": 0.7086870828278267,
  "weighted_recall": 0.6373684210526316,
  "weighted_f1": 0.6352770480370282,
  "num_classes": 29,
  "class_names": [
    "A",
    "B",
    "C",
    "D",
    "E",
    "F",
    "G",
    "H",
    "I",
    "J",
    "K",
    "L",
    "M",
    "N",
    "O",
    "P",
    "Q",
    "R",
    "S",
    "T",
    "U",
    "V",
    "W",
    "X",
    "Y",
    "Z",
    "del",
    "nothing",
    "space"
  ]
}