{
  "accuracy": 0.7042758620689655,
  "macro_precision": 0.7948641437369663,
  "macro_recall": 0.7042758620689654,
  "macro_f1": 0.7119842502898335,
  "weighted_precision": 0.7948641437369663,
  "weighted_recall": 0.7042758620689655,
  "weighted_f1": 0.7119842502898335,
  "num_classes": 29,
  "class_names": [
    "A",
    "B",
    "C",
    "D",
    "E",
    "F",
    "G",
    "H",
    "I",
    "J",
    "K",
    "L",
    "M",
    "N",
    "O",
    "P",
    "Q",
    "R",
    "S",
    "T",
    "U",
    "V",
    "W",
    "X",
    "Y",
    "Z",
    "del",
    "nothing",
    "space"
  ]
}