{
  "A": {
    "precision": 0.8417508417508418,
    "recall": 0.5,
    "f1-score": 0.6273525721455459,
    "support": 500.0
  },
  "B": {
    "precision": 0.9905660377358491,
    "recall": 0.63,
    "f1-score": 0.7701711491442543,
    "support": 500.0
  },
  "C": {
    "precision": 0.8813953488372093,
    "recall": 0.758,
    "f1-score": 0.8150537634408602,
    "support": 500.0
  },
  "D": {
    "precision": 0.974169741697417,
    "recall": 0.528,
    "f1-score": 0.6848249027237354,
    "support": 500.0
  },
  "E": {
    "precision": 0.972027972027972,
    "recall": 0.556,
    "f1-score": 0.7073791348600509,
    "support": 500.0
  },
  "F": {
    "precision": 1.0,
    "recall": 0.53,
    "f1-score": 0.6928104575163399,
    "support": 500.0
  },
  "G": {
    "precision": 0.9926470588235294,
    "recall": 0.54,
    "f1-score": 0.6994818652849741,
    "support": 500.0
  },
  "H": {
    "precision": 0.9781021897810219,
    "recall": 0.536,
    "f1-score": 0.6925064599483204,
    "support": 500.0
  },
  "I": {
    "precision": 0.9802197802197802,
    "recall": 0.892,
    "f1-score": 0.9340314136125655,
    "support": 500.0
  },
  "J": {
    "precision": 0.7154811715481172,
    "recall": 0.684,
    "f1-score": 0.6993865030674846,
    "support": 500.0
  },
  "K": {
    "precision": 0.9960159362549801,
    "recall": 0.5,
    "f1-score": 0.6657789613848203,
    "support": 500.0
  },
  "L": {
    "precision": 0.7383419689119171,
    "recall": 0.57,
    "f1-score": 0.6433408577878104,
    "support": 500.0
  },
  "M": {
    "precision": 0.6438356164383562,
    "recall": 0.658,
    "f1-score": 0.6508407517309595,
    "support": 500.0
  },
  "N": {
    "precision": 0.9315068493150684,
    "recall": 0.544,
    "f1-score": 0.6868686868686869,
    "support": 500.0
  },
  "O": {
    "precision": 0.8811881188118812,
    "recall": 0.534,
    "f1-score": 0.6650062266500623,
    "support": 500.0
  },
  "P": {
    "precision": 0.5420023014959724,
    "recall": 0.942,
    "f1-score": 0.6880934989043097,
    "support": 500.0
  },
  "Q": {
    "precision": 0.6508422664624809,
    "recall": 0.85,
    "f1-score": 0.7372072853425846,
    "support": 500.0
  },
  "R": {
    "precision": 0.7247058823529412,
    "recall": 0.616,
    "f1-score": 0.6659459459459459,
    "support": 500.0
  },
  "S": {
    "precision": 0.696588868940754,
    "recall": 0.776,
    "f1-score": 0.7341532639545885,
    "support": 500.0
  },
  "T": {
    "precision": 0.4639175257731959,
    "recall": 0.81,
    "f1-score": 0.5899490167516388,
    "support": 500.0
  },
  "U": {
    "precision": 0.6577380952380952,
    "recall": 0.884,
    "f1-score": 0.7542662116040956,
    "support": 500.0
  },
  "V": {
    "precision": 0.9521640091116174,
    "recall": 0.836,
    "f1-score": 0.8903088391906283,
    "support": 500.0
  },
  "W": {
    "precision": 0.9304511278195489,
    "recall": 0.99,
    "f1-score": 0.9593023255813954,
    "support": 500.0
  },
  "X": {
    "precision": 0.9175257731958762,
    "recall": 0.534,
    "f1-score": 0.6750948166877371,
    "support": 500.0
  },
  "Y": {
    "precision": 0.5309633027522935,
    "recall": 0.926,
    "f1-score": 0.6749271137026239,
    "support": 500.0
  },
  "Z": {
    "precision": 0.32916392363396973,
    "recall": 1.0,
    "f1-score": 0.4952947003467063,
    "support": 500.0
  },
  "del": {
    "precision": 0.5442834138486312,
    "recall": 0.676,
    "f1-score": 0.6030330062444246,
    "support": 500.0
  },
  "nothing": {
    "precision": 0.6648936170212766,
    "recall": 1.0,
    "f1-score": 0.7987220447284346,
    "support": 500.0
  },
  "space": {
    "precision": 0.9285714285714286,
    "recall": 0.624,
    "f1-score": 0.7464114832535885,
    "support": 500.0
  },
  "accuracy": 0.7042758620689655,
  "macro avg": {
    "precision": 0.7948641437369663,
    "recall": 0.7042758620689654,
    "f1-score": 0.7119842502898335,
    "support": 14500.0
  },
  "weighted avg": {
    "precision": 0.7948641437369663,
    "recall": 0.7042758620689655,
    "f1-score": 0.7119842502898335,
    "support": 14500.0
  }
}