{
  "A": {
    "precision": 0.9261083743842364,
    "recall": 0.94,
    "f1-score": 0.9330024813895782,
    "support": 200.0
  },
  "B": {
    "precision": 0.9641025641025641,
    "recall": 0.94,
    "f1-score": 0.9518987341772152,
    "support": 200.0
  },
  "C": {
    "precision": 0.964824120603015,
    "recall": 0.96,
    "f1-score": 0.9624060150375939,
    "support": 200.0
  },
  "D": {
    "precision": 0.9447236180904522,
    "recall": 0.94,
    "f1-score": 0.9423558897243107,
    "support": 200.0
  },
  "E": {
    "precision": 0.9605911330049262,
    "recall": 0.975,
    "f1-score": 0.967741935483871,
    "support": 200.0
  },
  "F": {
    "precision": 0.9791666666666666,
    "recall": 0.94,
    "f1-score": 0.9591836734693877,
    "support": 200.0
  },
  "G": {
    "precision": 0.9656862745098039,
    "recall": 0.985,
    "f1-score": 0.9752475247524752,
    "support": 200.0
  },
  "H": {
    "precision": 0.9603960396039604,
    "recall": 0.97,
    "f1-score": 0.9651741293532339,
    "support": 200.0
  },
  "I": {
    "precision": 0.9847715736040609,
    "recall": 0.97,
    "f1-score": 0.9773299748110831,
    "support": 200.0
  },
  "J": {
    "precision": 0.9751243781094527,
    "recall": 0.98,
    "f1-score": 0.9775561097256857,
    "support": 200.0
  },
  "K": {
    "precision": 0.9752475247524752,
    "recall": 0.985,
    "f1-score": 0.9800995024875622,
    "support": 200.0
  },
  "L": {
    "precision": 0.966183574879227,
    "recall": 1.0,
    "f1-score": 0.9828009828009828,
    "support": 200.0
  },
  "M": {
    "precision": 0.9609756097560975,
    "recall": 0.985,
    "f1-score": 0.9728395061728395,
    "support": 200.0
  },
  "N": {
    "precision": 0.9846938775510204,
    "recall": 0.965,
    "f1-score": 0.9747474747474747,
    "support": 200.0
  },
  "O": {
    "precision": 0.9753694581280788,
    "recall": 0.99,
    "f1-score": 0.9826302729528535,
    "support": 200.0
  },
  "P": {
    "precision": 0.985,
    "recall": 0.985,
    "f1-score": 0.985,
    "support": 200.0
  },
  "Q": {
    "precision": 0.9847715736040609,
    "recall": 0.97,
    "f1-score": 0.9773299748110831,
    "support": 200.0
  },
  "R": {
    "precision": 0.9591836734693877,
    "recall": 0.94,
    "f1-score": 0.9494949494949495,
    "support": 200.0
  },
  "S": {
    "precision": 0.9751243781094527,
    "recall": 0.98,
    "f1-score": 0.9775561097256857,
    "support": 200.0
  },
  "T": {
    "precision": 0.9896907216494846,
    "recall": 0.96,
    "f1-score": 0.9746192893401016,
    "support": 200.0
  },
  "U": {
    "precision": 0.9383886255924171,
    "recall": 0.99,
    "f1-score": 0.9635036496350365,
    "support": 200.0
  },
  "V": {
    "precision": 0.975,
    "recall": 0.975,
    "f1-score": 0.975,
    "support": 200.0
  },
  "W": {
    "precision": 0.9948979591836735,
    "recall": 0.975,
    "f1-score": 0.9848484848484849,
    "support": 200.0
  },
  "X": {
    "precision": 0.9744897959183674,
    "recall": 0.955,
    "f1-score": 0.9646464646464646,
    "support": 200.0
  },
  "Y": {
    "precision": 0.995,
    "recall": 0.995,
    "f1-score": 0.995,
    "support": 200.0
  },
  "Z": {
    "precision": 0.9895287958115183,
    "recall": 0.945,
    "f1-score": 0.9667519181585678,
    "support": 200.0
  },
  "del": {
    "precision": 0.970873786407767,
    "recall": 1.0,
    "f1-score": 0.9852216748768473,
    "support": 200.0
  },
  "nothing": {
    "precision": 0.9900990099009901,
    "recall": 1.0,
    "f1-score": 0.9950248756218906,
    "support": 100.0
  },
  "space": {
    "precision": 0.9655172413793104,
    "recall": 0.98,
    "f1-score": 0.9727047146401985,
    "support": 200.0
  },
  "accuracy": 0.9710526315789474,
  "macro avg": {
    "precision": 0.9715700120266368,
    "recall": 0.9715517241379312,
    "f1-score": 0.9714384935477745,
    "support": 5700.0
  },
  "weighted avg": {
    "precision": 0.9712449418884905,
    "recall": 0.9710526315789474,
    "f1-score": 0.9710246973710356,
    "support": 5700.0
  }
}