{
  "accuracy": 0.9710526315789474,
  "macro_precision": 0.9715700120266368,
  "macro_recall": 0.9715517241379312,
  "macro_f1": 0.9714384935477745,
  "weighted_precision": 0.9712449418884905,
  "weighted_recall": 0.9710526315789474,
  "weighted_f1": 0.9710246973710356,
  "num_classes": 29,
  "class_names": [
    "A",
    "B",
    "C",
    "D",
    "E",
    "F",
    "G",
    "H",
    "I",
    "J",
    "K",
    "L",
    "M",
    "N",
    "O",
    "P",
    "Q",
    "R",
    "S",
    "T",
    "U",
    "V",
    "W",
    "X",
    "Y",
    "Z",
    "del",
    "nothing",
    "space"
  ]
}