{
  "accuracy": [
    0.6539003252983093,
    0.7562296986579895,
    0.8489707708358765,
    0.905633807182312,
    0.9341819882392883,
    0.9530877470970154,
    0.9626218676567078,
    0.9749187231063843
  ],
  "loss": [
    3.0536108016967773,
    0.9788721799850464,
    0.5755576491355896,
    0.36365383863449097,
    0.24897421896457672,
    0.17457526922225952,
    0.1286848485469818,
    0.09416645020246506
  ],
  "val_accuracy": [
    0.7340702414512634,
    0.8426527976989746,
    0.9096229076385498,
    0.9399653077125549,
    0.9536194205284119,
    0.9631556272506714,
    0.9687906503677368,
    0.9733420014381409
  ],
  "val_loss": [
    1.141452670097351,
    0.6341819167137146,
    0.38420358300209045,
    0.25892284512519836,
    0.19532935321331024,
    0.15389227867126465,
    0.1267329901456833,
    0.10844659805297852
  ],
  "learning_rate": [
    4.999999873689376e-05,
    4.999999873689376e-05,
    4.999999873689376e-05,
    4.999999873689376e-05,
    4.999999873689376e-05,
    4.999999873689376e-05,
    4.999999873689376e-05,
    4.999999873689376e-05
  ]
}