{
  "A": {
    "precision": 0.7846153846153846,
    "recall": 0.255,
    "f1-score": 0.3849056603773585,
    "support": 200.0
  },
  "B": {
    "precision": 0.958904109589041,
    "recall": 0.35,
    "f1-score": 0.5128205128205128,
    "support": 200.0
  },
  "C": {
    "precision": 0.441340782122905,
    "recall": 0.395,
    "f1-score": 0.41688654353562005,
    "support": 200.0
  },
  "D": {
    "precision": 0.8983050847457628,
    "recall": 0.265,
    "f1-score": 0.4092664092664093,
    "support": 200.0
  },
  "E": {
    "precision": 0.92,
    "recall": 0.345,
    "f1-score": 0.5018181818181818,
    "support": 200.0
  },
  "F": {
    "precision": 0.8307692307692308,
    "recall": 0.27,
    "f1-score": 0.4075471698113208,
    "support": 200.0
  },
  "G": {
    "precision": 0.8695652173913043,
    "recall": 0.3,
    "f1-score": 0.44609665427509293,
    "support": 200.0
  },
  "H": {
    "precision": 0.5046728971962616,
    "recall": 0.27,
    "f1-score": 0.3517915309446254,
    "support": 200.0
  },
  "I": {
    "precision": 0.7483870967741936,
    "recall": 0.58,
    "f1-score": 0.6535211267605634,
    "support": 200.0
  },
  "J": {
    "precision": 0.3607843137254902,
    "recall": 0.46,
    "f1-score": 0.4043956043956044,
    "support": 200.0
  },
  "K": {
    "precision": 0.75,
    "recall": 0.27,
    "f1-score": 0.39705882352941174,
    "support": 200.0
  },
  "L": {
    "precision": 0.36649214659685864,
    "recall": 0.35,
    "f1-score": 0.35805626598465473,
    "support": 200.0
  },
  "M": {
    "precision": 0.3463414634146341,
    "recall": 0.355,
    "f1-score": 0.3506172839506173,
    "support": 200.0
  },
  "N": {
    "precision": 0.5681818181818182,
    "recall": 0.375,
    "f1-score": 0.45180722891566266,
    "support": 200.0
  },
  "O": {
    "precision": 0.7241379310344828,
    "recall": 0.315,
    "f1-score": 0.43902439024390244,
    "support": 200.0
  },
  "P": {
    "precision": 0.42118863049095606,
    "recall": 0.815,
    "f1-score": 0.555366269165247,
    "support": 200.0
  },
  "Q": {
    "precision": 0.5648535564853556,
    "recall": 0.675,
    "f1-score": 0.6150341685649203,
    "support": 200.0
  },
  "R": {
    "precision": 0.36338028169014086,
    "recall": 0.645,
    "f1-score": 0.4648648648648649,
    "support": 200.0
  },
  "S": {
    "precision": 0.6964285714285714,
    "recall": 0.39,
    "f1-score": 0.5,
    "support": 200.0
  },
  "T": {
    "precision": 0.358974358974359,
    "recall": 0.42,
    "f1-score": 0.3870967741935484,
    "support": 200.0
  },
  "U": {
    "precision": 0.5686274509803921,
    "recall": 0.435,
    "f1-score": 0.49291784702549574,
    "support": 200.0
  },
  "V": {
    "precision": 0.7443181818181818,
    "recall": 0.655,
    "f1-score": 0.6968085106382979,
    "support": 200.0
  },
  "W": {
    "precision": 0.6617647058823529,
    "recall": 0.9,
    "f1-score": 0.7627118644067796,
    "support": 200.0
  },
  "X": {
    "precision": 0.8615384615384616,
    "recall": 0.28,
    "f1-score": 0.4226415094339623,
    "support": 200.0
  },
  "Y": {
    "precision": 0.580441640378549,
    "recall": 0.92,
    "f1-score": 0.7117988394584139,
    "support": 200.0
  },
  "Z": {
    "precision": 0.16971279373368145,
    "recall": 0.65,
    "f1-score": 0.2691511387163561,
    "support": 200.0
  },
  "del": {
    "precision": 0.2779552715654952,
    "recall": 0.435,
    "f1-score": 0.3391812865497076,
    "support": 200.0
  },
  "nothing": {
    "precision": 0.6535947712418301,
    "recall": 1.0,
    "f1-score": 0.7905138339920948,
    "support": 100.0
  },
  "space": {
    "precision": 0.1978319783197832,
    "recall": 0.365,
    "f1-score": 0.2565905096660808,
    "support": 200.0
  },
  "accuracy": 0.46456140350877195,
  "macro avg": {
    "precision": 0.5928657976098441,
    "recall": 0.47379310344827585,
    "f1-score": 0.47414795873466586,
    "support": 5700.0
  },
  "weighted avg": {
    "precision": 0.5918003770198091,
    "recall": 0.46456140350877195,
    "f1-score": 0.4685976802213775,
    "support": 5700.0
  }
}