{
  "accuracy": 0.46456140350877195,
  "macro_precision": 0.5928657976098441,
  "macro_recall": 0.47379310344827585,
  "macro_f1": 0.47414795873466586,
  "weighted_precision": 0.5918003770198091,
  "weighted_recall": 0.46456140350877195,
  "weighted_f1": 0.4685976802213775,
  "num_classes": 29,
  "class_names": [
    "A",
    "B",
    "C",
    "D",
    "E",
    "F",
    "G",
    "H",
    "I",
    "J",
    "K",
    "L",
    "M",
    "N",
    "O",
    "P",
    "Q",
    "R",
    "S",
    "T",
    "U",
    "V",
    "W",
    "X",
    "Y",
    "Z",
    "del",
    "nothing",
    "space"
  ]
}