{
  "accuracy": [
    0.7521428465843201,
    0.8439285755157471,
    0.9078571200370789,
    0.9451785683631897,
    0.9619643092155457,
    0.9753571152687073,
    0.9820535778999329,
    0.9890178442001343
  ],
  "loss": [
    2.9380416870117188,
    0.6643062829971313,
    0.33013612031936646,
    0.18988601863384247,
    0.12682616710662842,
    0.08796536922454834,
    0.058100625872612,
    0.03727292641997337
  ],
  "val_accuracy": [
    0.8092857003211975,
    0.8949999809265137,
    0.9375,
    0.9632142782211304,
    0.9735714197158813,
    0.9807142615318298,
    0.9839285612106323,
    0.9860714077949524
  ],
  "val_loss": [
    1.0035282373428345,
    0.41098204255104065,
    0.2186664193868637,
    0.12997962534427643,
    0.09425970166921616,
    0.06765361875295639,
    0.05278410390019417,
    0.040695108473300934
  ],
  "learning_rate": [
    9.999999747378752e-05,
    9.999999747378752e-05,
    9.999999747378752e-05,
    9.999999747378752e-05,
    9.999999747378752e-05,
    9.999999747378752e-05,
    9.999999747378752e-05,
    9.999999747378752e-05
  ]
}